{
	"pieces": [
		{
			"link": "/scores/9765.asp",
			"artist": "Chopin",
			"title": "Prelude in E minor Op.28 No.4",
			"difficulty": 2,
			"img_src": [
				"https://www.8notes.com/school/png/piano/chopin_prelude_28_4001.png",
				"https://www.8notes.com/school/png/piano/chopin_prelude_28_4002.png"
			],
			"midi_href": "https://www.8notes.com/school/midi/piano/chopin_prelude_28_4.mid",
			"comp_table_content": "About 'Prelude in E minor Op.28 No.4'\n\n\nArtist:\nChopin, Frédéric (biography)\nBorn:\n1810 , Zelazowa Wola, Poland\nDied:\n1849 , Paris\nThe Artist:\nPolish composer renowned for his piano works. A great Romantic composer, who nevertheless wrote absolute music with formal titles such as Mazurkas, Impromptus, Waltzes, Nocturnes.\nComposed: 1839\nInfo:\nThis is one of the 24 Chopin preludes. By Chopin's request, this piece was played at his own funeral, along with Mozart's Requiem\nScore Key: E minor (Sounding Pitch) (View more E minor Music for Piano )\nTempo Marking:\nTime Signature: 4/4 (View more 4/4 Music)\nDuration: 1:02\nNumber of Pages: 2\nDifficulty: Intermediate Level: Recommended for Intermediate Level players\nTags:\n 19th century    romantic    easy chopin piano    classical tear-jerkers for piano  "
		},
		{
			"link": "/scores/7063.asp",
			"artist": "Beethoven",
			"title": "Fur Elise (original) (Original Version)",
			"difficulty": 2,
			"img_src": [
				"https://www.8notes.com/school/png/piano/beethoven_fur_elise_orig001.png",
				"https://www.8notes.com/school/png/piano/beethoven_fur_elise_orig002.png"
			],
			"midi_href": "https://www.8notes.com/school/midi/piano/beethoven_fur_elise_orig.mid",
			"comp_table_content": "About 'Fur Elise (original)'\n\n\nArtist:\nBeethoven, Ludwig van (biography)\nBorn:\n15/16 December 1770 , Bonn\nDied:\n26 March 1827 , Vienna\nThe Artist:\nOne of the greatest and most radical composers of all time. A tormented genius, who went deaf in later life and never heard his final works. His nine symphones are probably his greatest achievement, each one an unrivalved masterpiece, but he also wrote 5 piano concertos, piano sonatas, string quartets and one opera, Fidelio.\nComposed: c.1810\nInfo:\nBagatelle in A minor. Nicknamed Fur Elise because the original manuscript is inscribed Fur Elise (For Elise). However, recent scholars have suggested that it actually read For Therese - Therese (von Brunswick) being the woman Beethoven fell in love with, and among whose possession the score was eventually discovered.\nScore Key: A minor (Sounding Pitch) (View more A minor Music for Piano )\nTime Signature: 3/8 (View more 3/8 Music)\nTempo Marking: Poco moto .=40\nDuration: 3:08\nNumber of Pages: 3\nDifficulty: Intermediate Level: Recommended for Intermediate Level players\nTags:\n famous    classical    19th century    german    nostalgic music for piano  "
		},
		{
			"link": "/scores/1754.asp",
			"artist": "Beethoven",
			"title": "Moonlight Sonata (1st mvt)",
			"difficulty": 2,
			"img_src": [
				"https://www.8notes.com/school/png/piano/moonlight_sonata001.png",
				"https://www.8notes.com/school/png/piano/moonlight_sonata002.png"
			],
			"midi_href": "https://www.8notes.com/school/midi/piano/moonlight_sonata.mid",
			"comp_table_content": "About 'Moonlight Sonata (1st mvt)'\n\n\nArtist:\nBeethoven, Ludwig van (biography)\nBorn:\n15/16 December 1770 , Bonn\nDied:\n26 March 1827 , Vienna\nThe Artist:\nOne of the greatest and most radical composers of all time. A tormented genius, who went deaf in later life and never heard his final works. His nine symphones are probably his greatest achievement, each one an unrivalved masterpiece, but he also wrote 5 piano concertos, piano sonatas, string quartets and one opera, Fidelio.\nComposed: 1801\nInfo:\nThe first movement of Beethoven's Piano Sonata No. 14 'Quasi una fantasia' in C sharp minor Op. 27 No. 2, 'Moonlight' is one of the most popular piano pieces ever written. The sonata got its name when poet Ludwig Rellstab described the music as being 'like moonlight shining on a lake' in 1832.\nScore Key: C# minor (Sounding Pitch) (View more C# minor Music for Piano )\nTime Signature: 2/2 (View more 2/2 Music)\nDuration: 6:34\nTempo Marking: =50 Andante sostenuto\nNumber of Pages: 4\nDifficulty: Intermediate Level: Recommended for Intermediate Level players\nTags:\n sonata    atmospheric    classical    19th century    moonlight    candlelight    german  "
		},
		{
			"link": "/scores/457.asp",
			"artist": "Beethoven",
			"title": "Fur Elise (Easy Version)",
			"difficulty": 1,
			"img_src": [
				"https://www.8notes.com/school/png/piano/beethoven_fur_elise001.png",
				"https://www.8notes.com/school/png/piano/beethoven_fur_elise002.png"
			],
			"midi_href": "https://www.8notes.com/school/midi/piano/beethoven_fur_elise.mid",
			"comp_table_content": "About 'Fur Elise'\n\n\nArtist:\nBeethoven, Ludwig van (biography)\nBorn:\n15/16 December 1770 , Bonn\nDied:\n26 March 1827 , Vienna\nThe Artist:\nOne of the greatest and most radical composers of all time. A tormented genius, who went deaf in later life and never heard his final works. His nine symphones are probably his greatest achievement, each one an unrivalved masterpiece, but he also wrote 5 piano concertos, piano sonatas, string quartets and one opera, Fidelio.\nComposed: c.1810\nInfo:\nBagatelle in A minor. Nicknamed Fur Elise because the original manuscript is inscribed Fur Elise (For Elise). However, recent scholars have suggested that it actually read For Therese - Therese (von Brunswick) being the woman Beethoven fell in love with, and among whose possession the score was eventually discovered.\nScore Type: Simplified version for easy piano\nTempo Markings: Moderato\nScore Key: A minor (Sounding Pitch) (View more A minor Music for Piano )\nTime Signature: 6/8 (View more 6/8 Music)\nDuration: 1:55\nTempo Marking: Moderato\nNumber of Pages: 2\nDifficulty: Easy Level: Recommended for Beginners with some playing experience\nTags:\n classical    19th century    german    easy piano  "
		},
		{
			"link": "/scores/11399.asp",
			"artist": "Chopin",
			"title": "Nocturne Opus 9. No.2   (Full version)",
			"difficulty": 3,
			"img_src": [
				"https://www.8notes.com/school/png/piano/chopin_nocture_9_2full001.png",
				"https://www.8notes.com/school/png/piano/chopin_nocture_9_2full002.png"
			],
			"midi_href": "https://www.8notes.com/school/midi/piano/chopin_nocture_9_2full.mid",
			"comp_table_content": "About 'Nocturne Opus 9. No.2 '\n\n\nArtist:\nChopin, Frédéric (biography)\nBorn:\n1810 , Zelazowa Wola, Poland\nDied:\n1849 , Paris\nThe Artist:\nPolish composer renowned for his piano works. A great Romantic composer, who nevertheless wrote absolute music with formal titles such as Mazurkas, Impromptus, Waltzes, Nocturnes.\nComposed: 1831\nInfo:\nThe Nocturnes, Op. 9 are a set of three nocturnes written by Frederic Chopin between 1830 and 1832 and dedicated to Madame Camille Pleyel.\nDespite being forever associated with the nocturne, (essentially a piece of particularly wistful, dreamy music, often intended to evoke images of the night) Chopin was not actually its inventor. Instead, the form was created by the Irish composer John Field, a man whose influence on Chopin can be heard clearly, not just in his solo piano music but also in his two piano concertos.\nScore Key: Eb major (Sounding Pitch) (View more Eb major Music for Piano )\nTempo Marking: Andante\nTime Signature: 12/8 (View more 12/8 Music)\nDuration: 3:40\nNumber of Pages: 5\nDifficulty: Advanced Level: Recommended for Advanced Players\nTags:"
		},
		{
			"link": "/scores/2859.asp",
			"artist": "Rimsky-Korsakov",
			"title": "The Flight of the Bumblebee",
			"difficulty": 3,
			"img_src": [
				"https://www.8notes.com/school/png/piano/bumble_bee001.png",
				"https://www.8notes.com/school/png/piano/bumble_bee002.png"
			],
			"midi_href": "https://www.8notes.com/school/midi/piano/bumble_bee.mid",
			"comp_table_content": "About 'The Flight of the Bumblebee'\n\n\nArtist:\nRimsky-Korsakov, Nikolai (biography)\nBorn:\n1844 , Tikhvin\nDied:\n1908 , Lyubensk\nThe Artist:\nRussian composer and teacher of classical music particularly noted for his fine orchestration. His most famous composition is The Flight of the Bumblebee.\nComposed: unknown\nInfo:\nThis technically demanding piece is taken from the opera by Rimsky-Korsakov called \"The Tale of Tsar Saltan\", Op. 57.\nScore Key: D minor (Sounding Pitch) (View more D minor Music for Piano )\nTime Signature: 2/4 (View more 2/4 Music)\nTempo Marking: Vivace = 144 (View more music marked Vivace)\nDuration: 2:07\nNumber of Pages: 5\nDifficulty: Advanced Level: Recommended for Advanced Players\nTags:\n fast    insect    hard piano  "
		},
		{
			"link": "/scores/13800.asp",
			"artist": "Trad.",
			"title": "O Holy Night  (easy version)",
			"difficulty": 1,
			"img_src": [
				"https://www.8notes.com/school/png/piano/o_holy_night_easy001.png",
				"https://www.8notes.com/school/png/piano/o_holy_night_easy002.png"
			],
			"midi_href": "https://www.8notes.com/school/midi/piano/o_holy_night_easy.mid",
			"comp_table_content": "About 'O Holy Night '\n\n\nArtist:\nTrad. (biography)\nBorn:\n- , -\nDied:\n- , -\nThe Artist:\nTraditional Music of unknown author.\nComposed: 1847\nInfo:\n\"O Holy Night\" (\"Cantique de Noel\") is a well-known Christmas carol composed by Adolphe Adam in 1847 to the French poem \"Minuit, christiens\" (Midnight, Christians) by Placide Cappeau (1808-1877). Cappeau, a wine merchant and poet, had been asked by a parish priest to write a Christmas poem. Unitarian minister John Sullivan Dwight, editor of Dwight's Journal of Music, created a singing edition based on Cappeau's French text in 1855. In both the French original and in the two familiar English versions of the carol, the text reflects on the birth of Jesus and of humanity's redemption.\n\nLyrics\nO Holy Night! The stars are brightly shining,\nIt is the night of the dear Saviour's birth.\nLong lay the world in sin and error pining.\nTill He appeared and the Spirit felt its worth.\nA thrill of hope the weary world rejoices,\nFor yonder breaks a new and glorious morn.\nFall on your knees! Oh, hear the angel voices!\nO night divine, the night when Christ was born;\nO night, O Holy Night , O night divine!\nO night, O Holy Night , O night divine!\n\nLed by the light of faith serenely beaming,\nWith glowing hearts by His cradle we stand.\nO'er the world a star is sweetly gleaming,\nNow come the wisemen from out of the Orient land.\nThe King of kings lay thus lowly manger;\nIn all our trials born to be our friends.\nHe knows our need, our weakness is no stranger,\nBehold your King! Before him lowly bend!\nBehold your King! Before him lowly bend!\n\nTruly He taught us to love one another,\nHis law is love and His gospel is peace.\nChains he shall break, for the slave is our brother.\nAnd in his name all oppression shall cease.\nSweet hymns of joy in grateful chorus raise we,\nWith all our hearts we praise His holy name.\nChrist is the Lord! Then ever, ever praise we,\nHis power and glory ever more proclaim!\nHis power and glory ever more proclaim!\nScore Type: Arrangement for Piano\nScore Key: C major (Sounding Pitch) (View more C major Music for Piano )\nTempo Marking:\nTime Signature: 6/8 (View more 6/8 Music)\nDuration: 2:32\nNumber of Pages: 2\nDifficulty: Easy Level: Recommended for Beginners with some playing experience\nTags:\n easy_piano_christmas_compilation  "
		},
		{
			"link": "/scores/420.asp",
			"artist": "Pachelbel",
			"title": "Canon in D  (easy version)",
			"difficulty": 2,
			"img_src": [
				"https://www.8notes.com/school/png/piano/pachelbel_canon001.png"
			],
			"midi_href": "https://www.8notes.com/school/midi/piano/pachelbel_canon.mid",
			"comp_table_content": "About 'Canon in D '\n\n\nArtist:\nPachelbel, Johann (biography)\nBorn:\nlate August 1653 , March, 1706\nDied:\nNurnberg , Nurnberg\nThe Artist:\nPachelbel was a German Baroque composer and organist and is best remembered for his Canon in D, which is often heard at weddings. He wrote a considerable number cantatas for the Lutheran church, hymn settings, and chamber sonatas for various instruments, especially the violin.\nComposed: c.1680\nInfo:\nPachelbel's most famous work, originally for three violins and basso continuo, but since arranged for a wide variety of instruments.\nScore Key: C major (Sounding Pitch) (View more C major Music for Piano )\nTempo Marking: Andante\nTime Signature: 4/4 (View more 4/4 Music)\nDuration: 1:15\nNumber of Pages: 1\nDifficulty: Intermediate Level: Recommended for Intermediate Level players\nTags:\n baroque music for piano    relaxing music for piano  "
		},
		{
			"link": "/scores/12180.asp",
			"artist": "Beethoven",
			"title": "Ode to Joy (Beginners) (Beginners)",
			"difficulty": 0,
			"img_src": [
				"https://www.8notes.com/school/png/piano/ode_beg001.png"
			],
			"midi_href": "https://www.8notes.com/school/midi/piano/ode_beg.mid",
			"comp_table_content": "About 'Ode to Joy (Beginners)'\n\n\nArtist:\nBeethoven, Ludwig van (biography)\nBorn:\n15/16 December 1770 , Bonn\nDied:\n26 March 1827 , Vienna\nThe Artist:\nOne of the greatest and most radical composers of all time. A tormented genius, who went deaf in later life and never heard his final works. His nine symphones are probably his greatest achievement, each one an unrivalved masterpiece, but he also wrote 5 piano concertos, piano sonatas, string quartets and one opera, Fidelio.\nComposed: 1823\nInfo:\nThis famous melody comes from the final movement of Beethoven's \"Choral\" Symphony No.9 in d minor, Op.125. It is a setting for choir and orchestra of the German poet Schiller's 1785 poem An die Freude . The Ode to Joy was adopted as Europe's anthem by the Council of Europe in 1972.\n\nThe first lines read:\n\nOh friends, no more of these sad tones!\nLet us rather raise our voices together\nIn more pleasant and joyful tones.\nJoy!\nScore Key: C major (Sounding Pitch) (View more C major Music for Piano )\nTime Signature: 4/4 (View more 4/4 Music)\nDuration: 1:55\nTempo Marking: Allegro maestoso (View more music marked Allegro)\nNumber of Pages: 1\nDifficulty: Beginners Level: Recommended for Beginners\nTags:\n beginners  "
		},
		{
			"link": "/scores/26841.asp",
			"artist": "Beethoven",
			"title": "Moonlight Sonata (1st mvt) (Easy Version)",
			"difficulty": 1,
			"img_src": [
				"https://www.8notes.com/school/png/piano/moonlight_sonata_EASYPNO001.png",
				"https://www.8notes.com/school/png/piano/moonlight_sonata_EASYPNO002.png"
			],
			"midi_href": "https://www.8notes.com/school/midi/piano/moonlight_sonata_EASYPNO.mid",
			"comp_table_content": "About 'Moonlight Sonata (1st mvt)'\n\n\nArtist:\nBeethoven, Ludwig van (biography)\nBorn:\n15/16 December 1770 , Bonn\nDied:\n26 March 1827 , Vienna\nThe Artist:\nOne of the greatest and most radical composers of all time. A tormented genius, who went deaf in later life and never heard his final works. His nine symphones are probably his greatest achievement, each one an unrivalved masterpiece, but he also wrote 5 piano concertos, piano sonatas, string quartets and one opera, Fidelio.\nComposed: 1801\nInfo:\nThe first movement of Beethoven's Piano Sonata No. 14 'Quasi una fantasia' in C sharp minor Op. 27 No. 2, 'Moonlight' is one of the most popular piano pieces ever written. The sonata got its name when poet Ludwig Rellstab described the music as being 'like moonlight shining on a lake' in 1832.\nTime Signature: 2/2 (View more 2/2 Music)\nTempo Marking: Largo\nScore Key: A minor (Sounding Pitch) (View more A minor Music for Piano )\nDuration: 6:34\nNumber of Pages: 4\nDifficulty: Easy Level: Recommended for Beginners with some playing experience\nTags:\n dark and moody music for piano  "
		},
		{
			"link": "/scores/13169.asp",
			"artist": "Tchaikovsky",
			"title": "Waltz from Sleeping Beauty (beginners) (Beginner Version)",
			"difficulty": 0,
			"img_src": [
				"https://www.8notes.com/school/png/piano/tchaikovsky_waltzzAdBeg2001.png"
			],
			"midi_href": "https://www.8notes.com/school/midi/piano/tchaikovsky_waltzzAdBeg2.mid",
			"comp_table_content": "About 'Waltz from Sleeping Beauty (beginners)'\n\n\nArtist:\nTchaikovsky, Pyotr Ilyich (biography)\nBorn:\nMay 7, 1840 , Votkinsk\nDied:\nNovember 6, 1893 , St. Petersburg\nThe Artist:\nPopular Romantic composer of 6 symphones and some of the world' most performed ballets including Swan Lake, The Nutcracker and Sleeping Beauty.\nComposed: 1889\nInfo:\nSleeping Beauty is Tchaikovsky's longest ballet , lasting nearly three hours! This Waltz theme is one of many famous melodies in the ballet.\nScore Type: Simplified Arrangement for Piano\nScore Key: C major (Sounding Pitch) (View more C major Music for Piano )\nTime Signature: 3/4 (View more 3/4 Music)\nDuration: 1:34\nTempo Marking: ~=172 Tempo di waltz (quick one in a bar)\nNumber of Pages: 1\nDifficulty: Beginners Level: Recommended for Beginners\nTags:\n beginners  "
		},
		{
			"link": "/scores/10375.asp",
			"artist": "Satie",
			"title": "Gymnopedies No.1",
			"difficulty": 2,
			"img_src": [
				"https://www.8notes.com/school/png/piano/satie_gymnopedie_no1001.png",
				"https://www.8notes.com/school/png/piano/satie_gymnopedie_no1002.png"
			],
			"midi_href": "https://www.8notes.com/school/midi/piano/satie_gymnopedie_no1.mid",
			"comp_table_content": "About '﻿Gymnopédie No.1'\n\n\nArtist:\nSatie, Erik (biography)\nBorn:\n1866 , Honfleur\nDied:\n1925 , Paris\nThe Artist:\nEccentric French composer who influenced the Parisian composers of the early 20th century, including Debussy and Stravinsky. His ballet Parade was performed by Diaghilev and displayed a jazz influence. He is known for his comic and bizarre titles, such as 'Three Pear-shaped pieces'.\nComposed: 1888\nInfo:\nProbably Satie's most famous piece. The Gymnopédies impressed many with their startlingly sparse compositions which conveyed powerfully simple emotive impact - Debussy himself was so impressed he orchestrated the pieces himself.\nScore Key: D major (Sounding Pitch) (View more D major Music for Piano )\nTempo Markings: Lent et douloureux\nTime Signature: 3/4 (View more 3/4 Music)\nTempo Marking: =100 Lent et douloureux\nDuration: 3:07\nNumber of Pages: 2\nDifficulty: Intermediate Level: Recommended for Intermediate Level players\nTags:\n Saties_Gymnopedies  "
		},
		{
			"link": "/scores/9752.asp",
			"artist": "Bach",
			"title": "Air on a G String",
			"difficulty": 2,
			"img_src": [
				"https://www.8notes.com/school/png/piano/bach_air001.png",
				"https://www.8notes.com/school/png/piano/bach_air002.png"
			],
			"midi_href": "https://www.8notes.com/school/midi/piano/bach_air.mid",
			"comp_table_content": "About 'Air on a G String'\n\n\nArtist:\nBach, Johann Sebastian (biography)\nBorn:\n21 March 1685 , Eisenach\nDied:\n28 July 1750 , Leipzig\nThe Artist:\nOne of the greatest composers of all time. Bach wrote hundreds of pieces for organ, choir, as well as many other instruments. He spent most of his life as a church organist and a choir director. His music combines profound expression with clever musico-mathematical feats, like fugues and canons in which the same melody is played against itself in various ways.\nComposed: 1720 circa.\nInfo:\nOriginally part of the orchestral suite No 3 and written for Prince Leopold, Bach's employer in the little principality of Anhalt-Cothen between 1717 and 1723, the 'Air on the G string' arrived in its current popular form over 100 year later, when German violinist August Wilhelm arranged the piece for violin and piano to be played on the evocative G-string of the violin .\nScore Key: A major (Sounding Pitch) (View more A major Music for Piano )\nTime Signature: 4/4 (View more 4/4 Music)\nDuration: 4:36\nTempo Marking: Andante\nNumber of Pages: 2\nDifficulty: Intermediate Level: Recommended for Intermediate Level players\nTags:\n 18th century    211107797    baroque    baroque music for piano  "
		},
		{
			"link": "/scores/22507.asp",
			"artist": "Schubert",
			"title": "Ave Maria",
			"difficulty": 2,
			"img_src": [
				"https://www.8notes.com/school/png/piano/schubert_ave_maria_PNO001.png",
				"https://www.8notes.com/school/png/piano/schubert_ave_maria_PNO002.png"
			],
			"midi_href": "https://www.8notes.com/school/midi/piano/schubert_ave_maria_PNO.mid",
			"comp_table_content": "About 'Ave Maria'\n\n\nArtist:\nSchubert, Franz (biography)\nBorn:\nJanuary 31, 1797 , Himmelpfortgrund, Austria\nDied:\nNovember 19, 1828 , Vienna\nThe Artist:\nFranz Peter Schubert (January 31, 1797 - November 19, 1828), was an Austrian composer. He wrote some six hundred romantic songs as well as many operas, symphonies, sonatas and many other works.\nComposed: 1825\nInfo:\nFranz Schubert wrote the music for an excerpt from the poem \"The Lady of the Lake\" by Sir Walter Scott (1771-1832).It has become one of Schubert's most popular works and it is often sung and weddings and funerals.\nScore Key: C major (Sounding Pitch) (View more C major Music for Piano )\nTempo Marking: Andante\nTime Signature: 4/4 (View more 4/4 Music)\nDuration: 2:39\nNumber of Pages: 3\nDifficulty: Intermediate Level: Recommended for Intermediate Level players\nTags:\n spiritual music for piano  "
		},
		{
			"link": "/scores/18093.asp",
			"artist": "Carlos Gardel",
			"title": "Por Una Cabeza",
			"difficulty": 2,
			"img_src": [
				"https://www.8notes.com/school/png/piano/gardel_porPNO001.png",
				"https://www.8notes.com/school/png/piano/gardel_porPNO002.png"
			],
			"midi_href": "https://www.8notes.com/school/midi/piano/gardel_porPNO.mid",
			"comp_table_content": "Composed: 1935\nInfo:\n\"Por una Cabeza\" is an tango song with music and lyrics written in 1935 by Carlos Gardel and Alfredo Le Pera respectively. It has appeared in numerous movies, most famously in Scene of a Woman with Al Pacino, but also, for example, in Schindler's List.\nScore Key: D major (Sounding Pitch) (View more D major Music for Piano )\nTime Signature: 2/4 (View more 2/4 Music)\nDuration: 1:07\nTempo Marking: = 57.999985\nSuggested Tempo: 66 B.P.M.\nNumber of Pages: 2\nDifficulty: Intermediate Level: Recommended for Intermediate Level players\nTags:"
		},
		{
			"link": "/scores/13170.asp",
			"artist": "Vivaldi",
			"title": "Spring from the Four Seasons (beginners)",
			"difficulty": 0,
			"img_src": [
				"https://www.8notes.com/school/png/piano/vivaldi_springAdBeg2001.png",
				"https://www.8notes.com/school/png/piano/vivaldi_springAdBeg2002.png"
			],
			"midi_href": "https://www.8notes.com/school/midi/piano/vivaldi_springAdBeg2.mid",
			"comp_table_content": "About 'Spring from the Four Seasons (beginners)'\n\n\nArtist:\nVivaldi, Antonio (biography)\nBorn:\nMarch 4,1678 , Venice\nDied:\nJuly 28, 1741 , Vienna\nThe Artist:\nVivalidi was a very prolific composer and had some 500 concertos to his credit.\nComposed: 1725\nInfo:\nOne of the most famous and well-loved of all baroque works, the four seasons are the first of 12 concerti that make up Il Cemento Dell'armonia e dell'inventione ( The Contest of Harmony and Invention). There were originally written for solo violin and orchestra.\nScore Type: Simplified Arrangement for Piano\nScore Key: C major (Sounding Pitch) (View more C major Music for Piano )\nTempo Marking: Allegro (View more music marked Allegro)\nTime Signature: 4/4 (View more 4/4 Music)\nDuration: 1:52\nNumber of Pages: 2\nDifficulty: Beginners Level: Recommended for Beginners\nTags:\n beginners  "
		},
		{
			"link": "/scores/435.asp",
			"artist": "Beethoven",
			"title": "Ode to Joy (9th Symphony)",
			"difficulty": 1,
			"img_src": [
				"https://www.8notes.com/school/png/piano/beethoven_ode_to_joy001.png"
			],
			"midi_href": "https://www.8notes.com/school/midi/piano/beethoven_ode_to_joy.mid",
			"comp_table_content": "About 'Ode to Joy (9th Symphony)'\n\n\nArtist:\nBeethoven, Ludwig van (biography)\nBorn:\n15/16 December 1770 , Bonn\nDied:\n26 March 1827 , Vienna\nThe Artist:\nOne of the greatest and most radical composers of all time. A tormented genius, who went deaf in later life and never heard his final works. His nine symphones are probably his greatest achievement, each one an unrivalved masterpiece, but he also wrote 5 piano concertos, piano sonatas, string quartets and one opera, Fidelio.\nComposed: 1823\nInfo:\nThis famous melody comes from the final movement of Beethoven's \"Choral\" Symphony No.9 in d minor, Op.125. It is a setting for choir and orchestra of the German poet Schiller's 1785 poem An die Freude . The Ode to Joy was adopted as Europe's anthem by the Council of Europe in 1972.\n\nThe first lines read:\n\nOh friends, no more of these sad tones!\nLet us rather raise our voices together\nIn more pleasant and joyful tones.\nJoy!\nScore Key: C major (Sounding Pitch) (View more C major Music for Piano )\nTempo Markings: Allegro Maestoso\nTempo Marking: Allegro maestoso (View more music marked Allegro)\nTime Signature: 4/4 (View more 4/4 Music)\nDuration: 1:55\nNumber of Pages: 1\nDifficulty: Easy Level: Recommended for Beginners with some playing experience\nTags:\n symphony    symphony    classical    19th century    german    easy piano    joyful music for piano  "
		},
		{
			"link": "/scores/7323.asp",
			"artist": "Tchaikovsky",
			"title": "Dance of the Sugar Plum Fairy from the Nutcracker",
			"difficulty": 2,
			"img_src": [
				"https://www.8notes.com/school/png/piano/tchaikovksy_sugar_plum001.png",
				"https://www.8notes.com/school/png/piano/tchaikovksy_sugar_plum002.png"
			],
			"midi_href": "https://www.8notes.com/school/midi/piano/tchaikovksy_sugar_plum.mid",
			"comp_table_content": "About 'Dance of the Sugar Plum Fairy from the Nutcracker'\n\n\nArtist:\nTchaikovsky, Pyotr Ilyich (biography)\nBorn:\nMay 7, 1840 , Votkinsk\nDied:\nNovember 6, 1893 , St. Petersburg\nThe Artist:\nPopular Romantic composer of 6 symphones and some of the world' most performed ballets including Swan Lake, The Nutcracker and Sleeping Beauty.\nComposed: 1892\nInfo:\nThe Nutcracker is one of the most popular pieces ever created for ballet, containing numerous famous dances, including Dance of the Sugar-Plum Fairy, Dance of the Reed Pipes and Waltz of the Flowers\nScore Key: D minor (Sounding Pitch) (View more D minor Music for Piano )\nTime Signature: 4/4 (View more 4/4 Music)\nTempo Marking: Fairly slow and graceful = 120\nDuration: 2:36\nNumber of Pages: 3\nDifficulty: Intermediate Level: Recommended for Intermediate Level players\nTags:\n romantic    ballet    dark and moody music for piano  "
		},
		{
			"link": "/scores/418.asp",
			"artist": "Mozart",
			"title": "Eine Kleine Nachtmusik (beginner) (Beginner Version)",
			"difficulty": 0,
			"img_src": [
				"https://www.8notes.com/school/png/piano/mozart_eine_kleine_easy001.png",
				"https://www.8notes.com/school/png/piano/mozart_eine_kleine_easy002.png"
			],
			"midi_href": "https://www.8notes.com/school/midi/piano/mozart_eine_kleine_easy.mid",
			"comp_table_content": "About 'Eine Kleine Nachtmusik (beginner)'\n\n\nArtist:\nMozart, Wolfgang Amadeus (biography)\nBorn:\nJanuary 27, 1756 , December 5, 1791\nDied:\nSalzburg , Vienna\nThe Artist:\nA child prodigy, Mozart wrote his first symphony when he was eight years old and his first opera at 12. He went on to write some of the most important masterpieces of the Classical era, including symphonies, operas, string quartets and piano music.\nComposed: 1787\nInfo:\nThis was Mozart's composition for a chamber ensemble (a string quartet with an added double-bass). It is probably one of his most popular pieces. Oddly enough, Mozart never published 'Eine Kleine Nachtmusik' in his lifetime. It was left up to his widow, Constanze, to sell it in a job lot of his music to a publisher in 1799, presumably to raise much needed cash. It saw public light of day only in 1827, some forty years after it was written.\nScore Type: Beginner Arrangement for Piano solo\nScore Key: C major (Sounding Pitch) (View more C major Music for Piano )\nTempo Marking:\nTime Signature: 4/4 (View more 4/4 Music)\nDuration: 1:26\nNumber of Pages: 2\nDifficulty: Beginners Level: Recommended for Beginners\nTags:\n classical    beginner piano    18th century    beginners  "
		},
		{
			"link": "/scores/447.asp",
			"artist": "Mozart",
			"title": "Turkish March",
			"difficulty": 1,
			"img_src": [
				"https://www.8notes.com/school/png/piano/mozart_turkish_march001.png"
			],
			"midi_href": "https://www.8notes.com/school/midi/piano/mozart_turkish_march.mid",
			"comp_table_content": "About 'Turkish March'\n\n\nArtist:\nMozart, Wolfgang Amadeus (biography)\nBorn:\nJanuary 27, 1756 , December 5, 1791\nDied:\nSalzburg , Vienna\nThe Artist:\nA child prodigy, Mozart wrote his first symphony when he was eight years old and his first opera at 12. He went on to write some of the most important masterpieces of the Classical era, including symphonies, operas, string quartets and piano music.\nComposed: c,1783\nInfo:\nThis is the 3rd movement from The Piano Sonata No. 11 in A major, K. 331. The last movement, \"Alla Turca\", popularly known as the \"Turkish Rondo\", is often heard on its own and is one of Mozart's best-known piano pieces; it was Mozart himself who titled the rondo \"Alla Turca\". It imitates the sound of Turkish Janissary bands.\nScore Key: A minor (Sounding Pitch) (View more A minor Music for Piano )\nTempo Markings: Allegro con brio\nTime Signature: 2/4 (View more 2/4 Music)\nDuration: 1:34\nTempo Marking: Allegro con brio (View more music marked Allegro)\nNumber of Pages: 1\nDifficulty: Easy Level: Recommended for Beginners with some playing experience\nTags:\n classical    18th century    turkey    march    easy piano  "
		}
	]
}